sp_id;area;vistado_d1;criado;disponibilizado_vistagem;vistado_em;vistado_por;numero_processo;cliente_principal;tipo_agendamento
"154814";"Reestruturação";"Não";"10/06/2026, 10:32";"05/06/2026, 10:02";"09/06/2026, 14:59";"Ana Clara Borba Tavares";"0169521-37.2022.8.17.2001";"Officer S. A. Distribuidora de Produtos de Tecnologia";"[""DUPLICIDADE""]"
"155087";"Recuperação de Crédito";"Não";"12/06/2026, 10:53";"09/06/2026, 09:31";"10/06/2026, 14:20";"Ex func Gabriela Nicolau Olmedo Consul";"1154329-07.2024.8.26.0100";"Decorwatts Eletrica e Iluminacao Ltda";"[""DUPLICIDADE""]"
"155088";"Cível";"Sim";"12/06/2026, 10:53";"10/06/2026, 09:36";"10/06/2026, 12:10";"Ex func Gabriela Nicolau Olmedo Consul";"5002834-22.2018.8.13.0518";"Paulo Molinari";"[""DUPLICIDADE""]"
"155089";"Cível";"Sim";"12/06/2026, 10:53";"11/06/2026, 09:58";"11/06/2026, 16:46";"Ex func Gabriela Nicolau Olmedo Consul";"5002477-13.2016.8.13.0518";"Cristais Sao Marcos Ltda";"[""DUPLICIDADE""]"
"155090";"Cível";"Sim";"12/06/2026, 10:53";"10/06/2026, 09:36";"10/06/2026, 12:10";"Ex func Gabriela Nicolau Olmedo Consul";"5002834-22.2018.8.13.0518";"Paulo Molinari";"[""DUPLICIDADE""]"
"155458";"Cível";"Sim";"16/06/2026, 22:01";"12/06/2026, 09:45";"14/06/2026, 22:40";"Ex func Gabriela Nicolau Olmedo Consul";"5013939-49.2025.8.13.0518";"DORCAS SILVA MOLINARI";"[""DUPLICIDADE""]"
"155459";"Cível";"Sim";"16/06/2026, 22:01";"15/06/2026, 09:55";"15/06/2026, 11:17";"Ex func Gabriela Nicolau Olmedo Consul";"5011859-15.2025.8.13.0518";"ANTONIO CARLOS MOLINARI";"[""DUPLICIDADE""]"
"155460";"Cível";"Sim";"16/06/2026, 22:01";"16/06/2026, 09:51";"16/06/2026, 17:37";"Ex func Gabriela Nicolau Olmedo Consul";"2327783-83.2025.8.26.0000";"3Tm Distribuidora de Embalagens Ltda";"[""DUPLICIDADE""]"
"155461";"Cível";"Sim";"16/06/2026, 22:01";"12/06/2026, 09:45";"14/06/2026, 22:40";"Ex func Gabriela Nicolau Olmedo Consul";"5013939-49.2025.8.13.0518";"DORCAS SILVA MOLINARI";"[""DUPLICIDADE""]"
"155464";"Recuperação de Crédito";"Sim";"16/06/2026, 22:01";"16/06/2026, 09:51";"16/06/2026, 16:53";"Ex func Gabriela Nicolau Olmedo Consul";"5028725-41.2019.8.13.0702";"Pst Eletronica Ltda";"[""DUPLICIDADE""]"
"155465";"Cível";"Sim";"16/06/2026, 22:01";"16/06/2026, 09:51";"16/06/2026, 17:37";"Ex func Gabriela Nicolau Olmedo Consul";"5013417-97.2025.8.13.0105";"Nigro Aluminio Ltda";"[""DUPLICIDADE""]"
"155466";"Cível";"Sim";"16/06/2026, 22:01";"12/06/2026, 09:45";"14/06/2026, 22:40";"Ex func Gabriela Nicolau Olmedo Consul";"5013939-49.2025.8.13.0518";"DORCAS SILVA MOLINARI";"[""DUPLICIDADE""]"
"155467";"Recuperação de Crédito";"Sim";"16/06/2026, 22:01";"16/06/2026, 09:51";"16/06/2026, 16:53";"Ex func Gabriela Nicolau Olmedo Consul";"5028725-41.2019.8.13.0702";"Pst Eletronica Ltda";"[""DUPLICIDADE""]"
"155728";"Cível";"Sim";"19/06/2026, 11:02";"17/06/2026, 09:45";"17/06/2026, 16:06";"Ex func Gabriela Nicolau Olmedo Consul";"2241291-88.2025.8.26.0000";"Americar Equipamentos e Pecas Para Movimentacao de Materiais Ltda";"[""DUPLICIDADE""]"
"155729";"Reestruturação";"Sim";"19/06/2026, 11:02";"17/06/2026, 09:44";"17/06/2026, 16:44";"Ana Clara Borba Tavares";"0008612-77.2024.8.26.0068";"Officer S. A. Distribuidora de Produtos de Tecnologia";"[""DUPLICIDADE""]"
"155730";"Cível";"Sim";"19/06/2026, 11:02";"16/06/2026, 09:51";"16/06/2026, 17:39";"Ex func Gabriela Nicolau Olmedo Consul";"5013417-97.2025.8.13.0105";"Nigro Aluminio Ltda";"[""DUPLICIDADE""]"
"155731";"Cível";"Sim";"19/06/2026, 11:02";"17/06/2026, 09:45";"17/06/2026, 16:06";"Ex func Gabriela Nicolau Olmedo Consul";"2241291-88.2025.8.26.0000";"Americar Equipamentos e Pecas Para Movimentacao de Materiais Ltda";"[""DUPLICIDADE""]"
"155732";"Recuperação de Crédito";"Sim";"19/06/2026, 11:02";"17/06/2026, 09:45";"17/06/2026, 15:56";"Ex func Gabriela Nicolau Olmedo Consul";"5166036-03.2021.8.13.0024";"Pst Eletronica Ltda";"[""DUPLICIDADE""]"
"156238";"Cível";"Sim";"25/06/2026, 10:03";"23/06/2026, 10:02";"23/06/2026, 11:50";"Maria Caroline da Cunha Thomé";"5002477-13.2016.8.13.0518";"Cristais Sao Marcos Ltda";"[""DUPLICIDADE""]"
"156239";"Recuperação de Crédito";"Sim";"25/06/2026, 10:04";"23/06/2026, 10:02";"23/06/2026, 11:54";"Ex func Gabriela Nicolau Olmedo Consul";"5554569-13.2026.8.09.0051";"Covolan Industria Textil Ltda Em Recuperacao Judicial";"[""DUPLICIDADE""]"
"156240";"Cível";"Sim";"25/06/2026, 10:04";"23/06/2026, 10:02";"23/06/2026, 11:50";"Maria Caroline da Cunha Thomé";"5002477-13.2016.8.13.0518";"Cristais Sao Marcos Ltda";"[""DUPLICIDADE""]"
"156636";"Recuperação de Crédito";"Sim";"28/06/2026, 22:26";"25/06/2026, 09:48";"25/06/2026, 15:07";"Ex func Gabriela Nicolau Olmedo Consul";"0402469-46.2016.8.09.0137";"Pst Eletronica Ltda";"[""DUPLICIDADE""]"
"157063";"Reestruturação";"Sim";"03/07/2026, 11:14";"30/06/2026, 13:50";"30/06/2026, 17:40";"Ana Clara Borba Tavares";"5018595-38.2023.8.13.0027";"Spel Embalagens Ltda";"[""DUPLICIDADE""]"
"157054";"Cível";"Sim";"03/07/2026, 11:14";"29/06/2026, 09:41";"29/06/2026, 10:19";"Ex func Gabriela Nicolau Olmedo Consul";"5132932-20.2021.8.13.0024";"Officer S. A. Distribuidora de Produtos de Tecnologia";"[""DUPLICIDADE""]"
"157057";"Reestruturação";"Sim";"03/07/2026, 11:14";"30/06/2026, 13:50";"01/07/2026, 11:39";"Ligia Gilberti Lopes";"2287090-57.2025.8.26.0000";"Puma Fundo de Investimento Em Direitos Creditorios Nao-Padronizados Multissetorial";"[""DUPLICIDADE""]"
"157058";"Reestruturação";"Sim";"03/07/2026, 11:14";"30/06/2026, 13:50";"01/07/2026, 10:11";"Mariana Manuel Araújo";"0204418-08.2011.8.26.0100";"Armor Equipamentos de Protecao Ltda";"[""DUPLICIDADE""]"
"157059";"Reestruturação";"Sim";"03/07/2026, 11:14";"30/06/2026, 13:50";"30/06/2026, 17:40";"Ana Clara Borba Tavares";"5018595-38.2023.8.13.0027";"Spel Embalagens Ltda";"[""DUPLICIDADE""]"